Date	Open	High	Low	Close*	Adj Close**	Volume
Jun 24, 2019	57.72	59.93	56.75	58.47	58.47	3,044,627
Jun 17, 2019	52.50	57.98	51.50	57.43	57.43	2,232,907
Jun 10, 2019	54.24	54.84	50.72	52.51	52.51	3,635,444
Jun 03, 2019	53.42	54.63	50.60	53.99	53.99	4,377,319
May 27, 2019	58.94	59.70	53.05	53.50	53.50	4,019,051
May 20, 2019	63.53	63.81	57.33	58.63	58.63	3,406,447
May 13, 2019	61.65	63.64	60.64	62.76	62.76	3,239,256
May 06, 2019	61.43	62.95	60.04	61.66	61.66	3,959,466
Apr 29, 2019	62.95	64.75	60.95	61.94	61.94	3,642,969
Apr 22, 2019	64.00	66.60	62.28	63.30	63.30	3,746,348
Apr 15, 2019	63.76	64.61	62.99	64.00	64.00	1,486,941
Apr 08, 2019	63.33	64.79	63.13	63.89	63.89	3,794,752
Apr 01, 2019	60.24	63.34	60.13	63.08	63.08	3,635,542
Mar 25, 2019	58.98	60.73	58.17	60.14	60.14	3,541,305
Mar 18, 2019	58.45	60.39	58.05	59.04	59.04	2,452,625
Mar 11, 2019	56.07	58.95	55.96	58.52	58.52	2,935,567
Mar 04, 2019	55.83	57.19	54.52	56.07	56.07	3,101,654
Feb 25, 2019	57.17	57.88	55.02	55.80	55.80	3,020,022
Feb 18, 2019	55.78	57.81	55.29	57.26	57.26	1,898,480
Feb 11, 2019	52.66	55.87	51.23	55.59	55.59	3,065,559
Feb 04, 2019	55.32	55.75	51.80	52.72	52.72	3,208,961
Jan 28, 2019	53.56	55.66	51.33	55.26	55.26	3,450,722
Jan 21, 2019	53.73	54.24	51.80	53.69	53.69	2,961,824
Jan 14, 2019	51.73	53.92	50.38	53.80	53.80	2,631,551
Jan 07, 2019	48.30	53.31	48.11	51.59	51.59	4,111,963
Dec 31, 2018	45.22	49.22	44.35	47.96	47.96	2,933,445
Dec 24, 2018	45.45	47.00	42.36	45.33	45.33	2,344,242
Dec 17, 2018	51.25	51.87	45.13	45.59	45.59	2,637,212
Dec 10, 2018	52.03	53.27	50.35	51.20	51.20	3,389,763
Dec 03, 2018	52.45	54.55	50.08	52.61	52.61	4,096,037
Nov 26, 2018	50.62	52.56	49.41	50.93	50.93	3,868,241
Nov 19, 2018	56.72	57.44	50.15	50.42	50.42	3,431,748
Nov 12, 2018	60.70	61.28	54.75	56.46	56.46	3,162,058
Nov 05, 2018	62.99	64.14	59.26	60.19	60.19	3,823,272
Oct 29, 2018	67.55	67.95	62.63	63.14	63.14	3,323,607
Oct 22, 2018	69.41	69.66	65.74	67.59	67.59	3,311,305
Oct 15, 2018	71.85	72.70	68.47	69.12	69.12	2,078,845
Oct 08, 2018	74.40	75.28	70.51	71.34	71.34	3,241,842
Oct 01, 2018	73.29	76.90	72.95	74.34	74.34	3,065,050
Sep 24, 2018	71.14	73.73	71.14	73.25	73.25	2,591,233
Sep 17, 2018	68.93	71.81	68.53	70.78	70.78	2,245,167
Sep 10, 2018	67.82	71.26	67.33	68.99	68.99	3,344,598
Sep 03, 2018	70.12	71.40	66.86	67.75	67.75	2,492,804
Aug 27, 2018	68.57	70.50	68.21	69.80	69.80	2,121,863
Aug 20, 2018	65.91	69.31	65.59	68.72	68.72	2,100,258
Aug 13, 2018	67.78	68.37	64.43	65.91	65.91	2,244,959
Aug 06, 2018	68.65	69.92	66.14	67.63	67.63	2,774,836
Jul 30, 2018	69.01	70.43	66.92	68.49	68.49	2,566,328
Jul 23, 2018	68.17	69.92	67.56	68.69	68.69	2,652,928
Jul 16, 2018	70.52	71.10	67.03	70.46	70.46	1,762,707
Jul 09, 2018	73.87	74.70	69.23	71.01	71.01	3,219,722
Jul 02, 2018	73.62	75.27	72.14	73.80	73.80	2,772,453
Jun 25, 2018	68.75	74.46	67.72	74.15	74.15	3,759,645
Jun 18, 2018	64.40	69.38	63.59	68.58	68.58	3,040,155
Jun 11, 2018	65.56	67.16	64.29	65.06	65.06	2,681,849
Jun 04, 2018	65.71	66.24	64.22	65.74	65.74	3,365,818
May 28, 2018	66.49	68.67	65.51	65.81	65.81	3,485,302
May 21, 2018	71.47	72.83	67.42	67.88	67.88	3,142,220
May 14, 2018	70.54	72.30	70.26	71.28	71.28	2,756,818
May 07, 2018	69.85	71.89	67.63	70.70	70.70	4,259,821
Apr 30, 2018	68.15	69.97	66.85	69.72	69.72	3,621,419
Apr 23, 2018	68.22	69.38	67.11	68.10	68.10	3,540,384
Apr 16, 2018	67.24	69.56	65.56	68.38	68.38	2,118,715
Apr 09, 2018	62.00	67.76	61.93	67.39	67.39	3,770,799
Apr 02, 2018	64.91	65.42	61.81	62.06	62.06	3,212,486
Mar 26, 2018	65.90	66.55	63.72	64.94	64.94	2,517,207
Mar 19, 2018	62.23	66.00	61.36	65.88	65.88	3,039,605
Mar 12, 2018	62.10	62.54	60.11	62.34	62.34	2,583,439
Mar 05, 2018	61.55	63.28	59.95	62.04	62.04	3,493,570
Feb 26, 2018	63.60	64.24	60.13	61.25	61.25	3,226,951
Feb 19, 2018	61.63	63.73	60.75	63.55	63.55	2,314,605
Feb 12, 2018	59.12	61.99	58.20	61.68	61.68	2,489,421
Feb 05, 2018	65.10	65.40	58.07	59.20	59.20	4,581,170
Jan 29, 2018	66.18	66.46	63.67	65.45	65.45	3,501,128
Jan 22, 2018	63.61	66.66	63.17	66.14	66.14	3,625,080
Jan 15, 2018	64.43	64.89	62.85	63.37	63.37	1,659,370
Jan 08, 2018	61.61	64.77	61.34	64.30	64.30	3,714,407
Jan 01, 2018	60.20	62.21	60.10	61.44	61.44	2,401,571
Dec 25, 2017	58.40	60.51	58.32	60.42	60.42	1,650,621
Dec 18, 2017	57.37	58.50	56.82	58.47	58.47	1,708,653
Dec 11, 2017	57.25	58.56	56.09	57.30	57.30	2,881,980
Dec 04, 2017	58.32	58.34	55.82	57.36	57.36	2,947,126
Nov 27, 2017	58.95	58.99	56.75	58.36	58.36	3,398,511
Nov 20, 2017	56.69	59.05	55.57	58.95	58.95	2,627,544
Nov 13, 2017	56.90	57.15	54.81	56.55	56.55	2,239,209
Nov 06, 2017	55.97	57.92	55.66	56.74	56.74	3,739,292
Oct 30, 2017	54.16	55.76	53.75	55.64	55.64	2,830,381
Oct 23, 2017	52.07	54.20	51.55	53.90	53.90	3,300,417
Oct 16, 2017	51.43	52.37	50.70	51.47	51.47	1,946,512
Oct 09, 2017	49.25	51.72	49.13	51.45	51.45	3,218,636
Oct 02, 2017	51.64	51.71	49.10	49.29	49.29	3,060,003
Sep 25, 2017	50.68	52.86	50.39	51.67	51.67	3,401,592
Sep 18, 2017	49.85	50.81	49.19	50.66	50.66	2,141,761
Sep 11, 2017	47.58	50.50	47.00	49.89	49.89	3,300,065
Sep 04, 2017	47.28	49.42	47.15	47.48	47.48	3,078,045
Aug 28, 2017	47.89	48.20	45.58	47.29	47.29	4,511,262
Aug 21, 2017	48.72	48.75	47.03	47.87	47.87	3,173,148
Aug 14, 2017	48.79	49.16	46.46	48.51	48.51	3,210,526
Aug 07, 2017	49.59	50.22	47.98	48.82	48.82	4,553,541
Jul 31, 2017	49.85	50.43	48.37	49.58	49.58	4,221,271
Jul 24, 2017	45.62	49.81	45.40	49.71	49.71	4,133,456
Jul 17, 2017	46.68	47.55	45.54	45.77	45.77	2,399,789
Jul 10, 2017	44.35	46.74	43.65	46.54	46.54	4,314,632
Jul 03, 2017	46.28	47.32	43.78	44.23	44.23	3,636,792
Jun 26, 2017	43.16	46.35	42.63	46.04	46.04	3,620,198
Jun 19, 2017	44.68	45.06	42.05	43.01	43.01	3,449,530
Jun 12, 2017	45.80	46.71	44.22	44.74	44.74	3,067,255
Jun 05, 2017	47.71	48.42	45.20	45.83	45.83	4,381,210
May 29, 2017	49.93	50.28	46.74	47.66	47.66	3,019,770
May 22, 2017	50.60	52.00	48.18	49.80	49.80	3,796,099
May 15, 2017	47.85	50.53	47.75	50.33	50.33	2,315,678
May 08, 2017	46.35	48.22	45.53	47.84	47.84	3,506,068
May 01, 2017	49.17	49.32	43.76	46.22	46.22	3,723,649
Apr 24, 2017	49.68	50.22	48.20	49.33	49.33	3,166,035
Apr 17, 2017	52.97	53.21	49.20	49.62	49.62	1,955,293
Apr 10, 2017	52.31	53.76	52.29	53.18	53.18	2,274,082
Apr 03, 2017	50.69	52.94	49.88	52.24	52.24	2,893,632
Mar 27, 2017	48.12	50.85	47.08	50.60	50.60	2,625,443
Mar 20, 2017	48.70	48.74	47.01	47.97	47.97	2,372,131
Mar 13, 2017	48.45	49.62	47.09	48.78	48.78	2,804,054
Mar 06, 2017	53.19	53.80	48.31	48.49	48.49	3,832,227
Feb 27, 2017	54.02	54.61	52.54	53.33	53.33	2,554,328
Feb 20, 2017	53.48	54.94	53.35	53.99	53.99	2,089,928
Feb 13, 2017	53.80	53.95	52.68	53.40	53.40	2,081,409
Feb 06, 2017	53.81	54.13	51.22	53.86	53.86	3,023,166
Jan 30, 2017	53.15	54.34	52.24	53.83	53.83	2,605,397
Jan 23, 2017	53.33	54.08	52.21	53.17	53.17	2,638,948
Jan 16, 2017	52.55	53.52	50.91	52.42	52.42	1,532,085
Jan 09, 2017	53.75	53.83	50.71	52.37	52.37	3,152,001
Jan 02, 2017	54.20	55.24	52.11	53.99	53.99	2,286,129
Dec 26, 2016	53.29	54.37	53.03	53.72	53.72	1,231,129
Dec 19, 2016	52.15	53.79	51.51	53.02	53.02	1,697,228
Dec 12, 2016	52.58	54.51	49.95	51.90	51.90	2,967,704
Dec 05, 2016	51.46	52.42	49.61	51.50	51.50	3,492,509
Nov 28, 2016	45.43	51.80	44.82	51.68	51.68	4,420,103
Nov 21, 2016	45.83	49.20	45.77	46.06	46.06	2,514,372
Nov 14, 2016	43.20	46.58	42.20	45.69	45.69	2,509,637
Nov 07, 2016	44.45	45.95	43.03	43.41	43.41	3,539,357
Oct 31, 2016	48.25	48.74	43.57	44.07	44.07	3,435,672
Oct 24, 2016	50.85	50.98	48.42	48.70	48.70	2,949,750
Oct 17, 2016	50.23	51.93	49.47	50.85	50.85	1,844,200
Oct 10, 2016	49.57	51.60	49.15	50.35	50.35	3,245,669
Oct 03, 2016	48.04	50.74	47.78	49.81	49.81	2,658,525
Sep 26, 2016	44.62	48.32	44.19	48.24	48.24	3,365,474
Sep 19, 2016	43.18	46.55	42.55	44.48	44.48	2,650,049
Sep 12, 2016	45.57	46.51	42.74	43.03	43.03	2,877,028
Sep 05, 2016	44.15	47.75	43.84	45.88	45.88	2,955,163
Aug 29, 2016	47.22	47.49	43.00	44.44	44.44	2,504,628
Aug 22, 2016	48.40	48.46	46.42	47.64	47.64	2,759,815
Aug 15, 2016	44.74	48.75	44.38	48.52	48.52	2,028,035
Aug 08, 2016	41.99	44.78	41.10	44.49	44.49	3,081,697
Aug 01, 2016	41.35	42.10	39.19	41.80	41.80	2,871,743
Jul 25, 2016	44.20	44.37	40.57	41.60	41.60	2,315,227
Jul 18, 2016	46.12	46.14	43.69	44.19	44.19	1,741,913
Jul 11, 2016	45.07	46.93	44.42	45.95	45.95	2,882,176
Jul 04, 2016	49.11	49.35	44.77	45.41	45.41	2,510,828
Jun 27, 2016	47.81	50.00	45.83	48.99	48.99	2,428,863
Jun 20, 2016	48.29	50.54	46.70	47.64	47.64	2,194,970
Jun 13, 2016	48.85	49.28	45.83	47.98	47.98	2,224,613
Jun 06, 2016	48.88	51.67	48.71	49.07	49.07	2,805,984
May 30, 2016	49.54	50.10	47.75	48.62	48.62	2,091,707
May 23, 2016	48.46	50.21	47.40	49.33	49.33	2,396,770
May 16, 2016	46.28	48.95	46.15	47.75	47.75	2,011,350
May 09, 2016	45.00	47.02	43.03	46.21	46.21	3,581,405
May 02, 2016	45.90	46.15	43.22	44.66	44.66	3,242,168
Apr 25, 2016	43.75	46.78	42.50	45.92	45.92	2,904,654
Apr 18, 2016	38.75	44.49	37.61	43.73	43.73	2,486,647
Apr 11, 2016	39.72	42.42	39.25	40.36	40.36	3,215,385
Apr 04, 2016	36.61	39.84	35.24	39.72	39.72	3,230,047
Mar 28, 2016	39.55	40.14	36.63	36.79	36.79	2,409,618
Mar 21, 2016	39.06	41.90	38.33	39.46	39.46	1,930,201
Mar 14, 2016	38.17	41.20	35.96	39.44	39.44	1,858,376
Mar 07, 2016	36.20	39.02	36.09	38.50	38.50	3,423,661
Feb 29, 2016	32.72	36.34	32.32	35.92	35.92	2,767,780
Feb 22, 2016	29.72	34.69	29.48	32.78	32.78	2,970,808
Feb 15, 2016	29.08	31.98	28.70	29.64	29.64	1,559,294
Feb 08, 2016	30.97	31.38	26.05	29.44	29.44	3,594,267
Feb 01, 2016	33.83	34.18	29.40	30.89	30.89	3,323,127
Jan 25, 2016	32.05	34.82	29.25	33.62	33.62	3,439,363
Jan 18, 2016	29.20	32.35	26.19	32.19	32.19	2,208,678
Jan 11, 2016	32.94	33.20	29.13	29.42	29.42	2,780,761
Jan 04, 2016	37.60	38.39	32.10	33.16	33.16	2,619,832
Dec 28, 2015	38.00	38.09	36.22	37.04	37.04	1,014,124
Dec 21, 2015	34.58	38.28	33.98	38.10	38.10	1,180,874
Dec 14, 2015	35.40	37.88	34.29	34.73	34.73	1,739,867
Dec 07, 2015	40.10	40.15	35.16	35.62	35.62	3,068,109
Nov 30, 2015	41.77	42.61	39.60	39.97	39.97	2,337,977
Nov 23, 2015	41.49	43.46	40.41	41.71	41.71	1,646,127
Nov 16, 2015	40.92	42.25	38.99	40.39	40.39	1,714,409
Nov 09, 2015	44.52	45.12	40.22	40.74	40.74	2,462,580
Nov 02, 2015	46.43	48.36	44.11	44.29	44.29	2,085,178
Oct 26, 2015	44.74	47.03	42.58	46.59	46.59	1,994,247
Oct 19, 2015	47.27	47.49	44.20	44.60	44.60	1,600,761
Oct 12, 2015	49.51	50.13	45.23	47.26	47.26	1,791,359
Oct 05, 2015	45.65	50.92	45.21	49.63	49.63	2,342,090
Sep 28, 2015	45.38	47.10	43.97	45.54	45.54	1,794,654
Sep 21, 2015	44.97	47.15	43.71	45.70	45.70	1,572,958
Sep 14, 2015	44.78	47.71	43.59	44.68	44.68	1,661,894
Sep 07, 2015	45.82	46.41	43.36	44.63	44.63	1,826,380
Aug 31, 2015	45.00	49.33	43.21	46.05	46.05	3,085,303
Aug 24, 2015	40.30	45.90	37.75	45.22	45.22	2,412,748
Aug 17, 2015	42.18	42.90	39.86	40.45	40.45	1,379,652
Aug 10, 2015	43.58	45.34	41.35	42.50	42.50	2,259,066
Aug 03, 2015	46.86	46.94	43.70	43.87	43.87	1,785,244
Jul 27, 2015	48.00	49.52	46.68	47.12	47.12	1,560,750
Jul 20, 2015	50.76	51.26	47.72	48.14	48.14	1,299,197
Jul 13, 2015	52.15	53.50	50.14	50.89	50.89	1,639,448
Jul 06, 2015	54.90	55.34	50.58	52.74	52.74	2,234,036
Jun 29, 2015	58.84	59.69	56.50	56.93	56.93	1,238,965
Jun 22, 2015	59.44	61.57	58.76	59.63	59.63	1,358,813
Jun 15, 2015	59.90	61.38	58.73	59.61	59.61	1,203,808
Jun 08, 2015	58.96	61.82	57.86	59.96	59.96	1,804,415
Jun 01, 2015	60.29	61.58	56.83	59.13	59.13	1,832,356
May 25, 2015	60.05	60.70	56.51	60.30	60.30	1,437,949
May 18, 2015	59.85	60.94	57.09	59.72	59.72	1,328,369
May 11, 2015	59.43	61.85	58.42	59.69	59.69	1,740,395
May 04, 2015	59.30	62.58	58.14	59.39	59.39	1,899,969
Apr 27, 2015	57.30	59.90	56.07	59.15	59.15	1,528,594
Apr 20, 2015	56.16	58.41	54.85	57.15	57.15	1,540,148
Apr 13, 2015	51.81	57.42	51.47	55.74	55.74	1,959,221
Apr 06, 2015	49.47	54.13	49.47	51.64	51.64	2,271,445
Mar 30, 2015	48.57	50.45	47.05	49.14	49.14	1,626,112
Mar 23, 2015	46.41	52.48	45.33	48.87	48.87	1,900,134
Mar 16, 2015	44.81	46.53	42.03	45.72	45.72	1,420,635
Mar 09, 2015	49.60	50.79	44.75	44.84	44.84	1,964,331
Mar 02, 2015	49.45	52.40	48.71	49.61	49.61	2,039,556
Feb 23, 2015	50.75	51.28	47.80	49.76	49.76	2,057,086
Feb 16, 2015	52.75	54.15	49.15	50.34	50.34	1,267,610
Feb 09, 2015	52.01	53.99	48.05	52.78	52.78	2,558,071
Feb 02, 2015	47.59	54.24	46.67	51.69	51.69	2,915,670
Jan 26, 2015	45.20	48.35	43.58	48.24	48.24	1,744,093
Jan 19, 2015	48.69	49.09	45.21	45.59	45.59	1,580,262
Jan 12, 2015	48.19	51.27	44.20	48.69	48.69	2,035,705
Jan 05, 2015	52.61	52.73	46.83	48.36	48.36	2,070,595
Dec 29, 2014	55.05	55.74	52.03	52.69	52.69	962,159
Dec 22, 2014	57.75	58.53	54.51	54.73	54.73	853,493
Dec 15, 2014	57.07	58.98	53.60	56.52	56.52	1,785,558
Dec 08, 2014	65.46	65.55	57.34	57.81	57.81	1,915,770
Dec 01, 2014	66.00	69.54	63.72	65.84	65.84	1,671,445
Nov 24, 2014	76.62	77.02	65.69	66.15	66.15	1,300,462
Nov 17, 2014	75.93	77.83	73.88	76.51	76.51	1,093,991
Nov 10, 2014	78.50	79.85	73.25	75.82	75.82	1,796,009
Nov 03, 2014	80.59	80.98	75.84	78.65	78.65	1,865,467
Oct 27, 2014	81.27	82.88	79.44	80.54	80.54	1,359,410
Oct 20, 2014	83.13	84.05	80.05	81.01	81.01	1,360,789
Oct 13, 2014	85.20	85.87	79.78	82.75	82.75	1,854,564
Oct 06, 2014	89.77	90.74	83.59	85.82	85.82	1,692,027
Sep 29, 2014	93.35	94.90	88.18	89.74	89.74	1,872,092
Sep 22, 2014	92.22	93.86	90.58	93.54	93.54	1,267,378
Sep 15, 2014	92.13	95.19	90.63	92.41	92.41	1,124,613
Sep 08, 2014	93.49	93.94	90.43	92.27	92.27	1,550,115
Sep 01, 2014	95.81	95.91	92.68	93.29	93.29	1,130,277
Aug 25, 2014	93.34	96.00	93.05	95.96	95.96	985,872
Aug 18, 2014	97.10	97.16	92.50	93.65	93.65	891,530
Aug 11, 2014	97.54	98.58	95.26	97.35	97.35	1,358,157
Aug 04, 2014	97.67	98.67	96.55	97.65	97.65	1,262,634
Jul 28, 2014	101.87	102.10	97.09	97.88	97.88	1,330,626
Jul 21, 2014	102.97	105.25	101.00	102.09	102.09	1,119,356
Jul 14, 2014	100.46	103.94	99.01	103.13	103.13	1,339,474
Jul 07, 2014	104.06	104.20	100.44	100.83	100.83	1,200,241
Jun 30, 2014	105.69	106.09	103.67	104.06	104.06	847,024
Jun 23, 2014	107.42	107.50	105.03	105.74	105.74	924,441
Jun 16, 2014	106.88	107.73	105.32	107.26	107.26	970,269
Jun 09, 2014	102.78	107.68	102.62	106.91	106.91	1,266,939
Jun 02, 2014	102.92	103.69	101.60	102.66	102.66	925,950
May 26, 2014	104.34	104.50	102.40	102.71	102.71	788,761
May 19, 2014	102.13	104.50	101.97	104.35	104.35	962,754
May 12, 2014	100.12	102.65	99.93	102.02	102.02	1,123,669
May 05, 2014	99.96	101.18	98.91	99.99	99.99	1,256,427
Apr 28, 2014	100.49	102.20	98.74	99.76	99.76	1,182,346
Apr 21, 2014	104.54	104.77	100.48	100.60	100.60	1,113,342
Apr 14, 2014	103.56	104.99	102.91	104.30	104.30	923,795
Apr 07, 2014	100.91	104.44	99.92	103.74	103.74	1,363,177
Mar 31, 2014	101.69	101.97	98.86	101.14	101.14	1,025,692
Mar 24, 2014	99.49	102.24	98.80	101.67	101.67	948,616
Mar 17, 2014	99.39	100.82	97.37	99.46	99.46	966,369
Mar 10, 2014	102.75	102.82	97.55	98.89	98.89	1,430,792
Mar 03, 2014	103.00	105.22	100.13	102.58	102.58	1,291,655
Feb 24, 2014	102.29	103.45	101.02	102.59	102.59	936,364
Feb 17, 2014	100.32	103.80	100.23	102.20	102.20	661,192
Feb 10, 2014	100.05	101.38	99.11	100.30	100.30	1,255,252
Feb 03, 2014	97.40	100.24	96.26	99.88	99.88	1,239,953
Jan 27, 2014	96.90	98.59	95.21	97.49	97.49	1,094,963
Jan 20, 2014	94.00	97.84	93.43	96.64	96.64	1,010,961
Jan 13, 2014	92.83	94.94	91.43	94.37	94.37	1,003,999
Jan 06, 2014	94.18	94.59	91.24	92.72	92.72	1,123,188
Dec 30, 2013	100.15	100.42	93.86	93.96	93.96	699,033
Dec 23, 2013	99.20	100.75	98.53	100.32	100.32	352,014
Dec 16, 2013	96.55	99.40	96.21	99.32	99.32	736,408
Dec 09, 2013	97.66	98.75	96.26	96.60	96.60	1,188,032
Dec 02, 2013	92.71	98.07	92.56	97.65	97.65	1,320,264
Nov 25, 2013	94.15	94.69	91.77	92.72	92.72	805,121
Nov 18, 2013	93.78	95.63	92.43	94.84	94.84	1,006,778
Nov 11, 2013	94.45	95.38	92.51	93.84	93.84	1,384,851
Nov 04, 2013	94.52	95.40	93.07	94.60	94.60	1,230,572
Oct 28, 2013	97.88	98.82	94.36	94.61	94.61	1,219,075
Oct 21, 2013	100.63	100.95	95.95	97.85	97.85	1,235,706
Oct 14, 2013	101.37	102.97	100.03	100.81	100.81	1,029,433
Oct 07, 2013	103.45	104.08	100.60	102.02	102.02	1,341,425
Sep 30, 2013	102.46	104.38	101.05	103.84	103.84	1,141,683
Sep 23, 2013	104.89	105.12	102.20	102.87	102.87	1,135,207
Sep 16, 2013	107.50	108.99	104.32	104.68	104.68	1,177,822
Sep 09, 2013	110.28	110.46	106.39	108.21	108.21	1,287,281
Sep 02, 2013	107.07	110.70	104.21	110.53	110.53	967,150
Aug 26, 2013	106.91	112.24	105.56	107.65	107.65	1,298,176
Aug 19, 2013	107.78	107.80	103.50	106.42	106.42	1,187,326
Aug 12, 2013	105.84	108.17	105.03	107.46	107.46	1,236,560
Aug 05, 2013	106.84	107.69	102.22	105.97	105.97	1,395,964
Jul 29, 2013	104.61	108.82	102.67	106.94	106.94	1,257,966
Jul 22, 2013	108.34	108.79	103.90	104.70	104.70	1,283,203
Jul 15, 2013	106.05	109.32	104.65	108.05	108.05	992,852
Jul 08, 2013	103.95	107.45	102.13	105.95	105.95	1,495,179
Jul 01, 2013	96.58	103.68	96.07	103.22	103.22	1,124,251
Jun 24, 2013	93.85	97.82	92.67	96.56	96.56	1,391,698
Jun 17, 2013	97.85	99.01	93.12	93.69	93.69	1,216,844
Jun 10, 2013	96.09	98.25	94.04	97.85	97.85	1,202,300
Jun 03, 2013	91.73	96.39	91.26	96.03	96.03	1,455,516
May 27, 2013	93.89	95.92	91.56	91.97	91.97	1,097,284
May 20, 2013	95.93	97.11	92.21	94.15	94.15	1,241,901
May 13, 2013	95.76	96.45	92.13	96.02	96.02	1,412,740
May 06, 2013	95.58	97.17	93.37	96.04	96.04	1,433,775
Apr 29, 2013	92.70	96.04	90.11	95.61	95.61	1,432,819
Apr 22, 2013	87.96	93.87	87.55	93.00	93.00	1,296,354
Apr 15, 2013	90.95	90.98	85.61	88.01	88.01	1,273,060
Apr 08, 2013	93.02	94.82	90.27	91.29	91.29	1,243,413
Apr 01, 2013	97.36	97.80	91.91	92.70	92.70	1,327,105
Mar 25, 2013	93.72	97.35	93.70	97.23	97.23	867,163
Mar 18, 2013	93.26	94.09	91.76	93.71	93.71	891,591
Mar 11, 2013	91.83	93.84	90.89	93.45	93.45	1,079,369
Mar 04, 2013	90.71	92.03	89.33	91.95	91.95	1,140,032
Feb 25, 2013	93.23	94.46	90.04	90.68	90.68	1,116,452
Feb 18, 2013	95.97	97.07	92.44	93.13	93.13	947,966
Feb 11, 2013	95.79	98.11	94.97	95.86	95.86	1,168,380
Feb 04, 2013	97.72	97.76	95.04	95.72	95.72	1,173,335
Jan 28, 2013	96.04	98.24	95.47	97.77	97.77	1,132,299
Jan 21, 2013	95.25	96.92	94.95	95.88	95.88	971,307
Jan 14, 2013	93.74	96.04	92.95	95.56	95.56	1,035,101
Jan 07, 2013	93.21	94.70	92.42	93.56	93.56	1,100,660
Dec 31, 2012	90.41	93.87	90.00	93.09	93.09	723,949
Dec 24, 2012	88.60	91.49	88.20	90.80	90.80	474,259
Dec 17, 2012	86.88	90.54	86.48	88.66	88.66	841,958
Dec 10, 2012	85.98	87.68	85.21	86.73	86.73	1,176,497
Dec 03, 2012	88.85	90.33	85.68	85.93	85.93	1,177,388
Nov 26, 2012	88.21	88.99	85.36	88.91	88.91	1,103,043
Nov 19, 2012	87.30	89.80	86.17	88.28	88.28	895,632
Nov 12, 2012	86.19	87.01	84.57	86.67	86.67	1,337,550
Nov 05, 2012	84.65	89.22	84.05	86.07	86.07	1,566,039
Oct 29, 2012	86.43	87.42	84.66	84.86	84.86	959,018
Oct 22, 2012	89.52	90.80	84.94	86.28	86.28	1,304,428
Oct 15, 2012	91.63	93.05	89.79	90.05	90.05	1,035,878
Oct 08, 2012	89.85	93.66	88.21	91.86	91.86	1,382,779
Oct 01, 2012	92.15	93.33	87.70	89.88	89.88	1,303,759
Sep 24, 2012	93.18	93.20	88.95	92.19	92.19	1,146,880
Sep 17, 2012	99.15	99.52	90.66	92.89	92.89	1,063,109
Sep 10, 2012	96.24	100.42	95.34	99.00	99.00	1,230,379
Sep 03, 2012	96.38	97.71	94.08	96.42	96.42	1,109,299
Aug 27, 2012	96.67	97.72	93.95	96.47	96.47	1,056,707
Aug 20, 2012	96.36	98.29	95.02	96.15	96.15	980,323
Aug 13, 2012	93.25	96.28	92.05	96.01	96.01	1,137,541
Aug 06, 2012	91.34	94.72	90.63	92.87	92.87	1,207,466
Jul 30, 2012	90.14	91.74	86.92	91.40	91.40	1,359,631
Jul 23, 2012	91.61	91.64	86.84	90.13	90.13	1,333,584
Jul 16, 2012	87.13	92.94	86.41	91.44	91.44	1,030,856
Jul 09, 2012	84.20	87.61	83.65	87.10	87.10	1,357,684
Jul 02, 2012	84.65	88.98	82.10	84.45	84.45	1,300,110
Jun 25, 2012	80.20	85.34	77.28	84.96	84.96	1,504,472
Jun 18, 2012	85.09	85.60	77.56	79.76	79.76	1,409,946
Jun 11, 2012	85.72	86.64	81.07	84.03	84.03	1,487,056
Jun 04, 2012	82.96	87.03	81.21	84.10	84.10	1,512,880
May 28, 2012	91.00	92.21	82.29	83.23	83.23	1,312,771
May 21, 2012	91.27	93.06	89.28	90.86	90.86	994,429
May 14, 2012	95.79	95.83	90.93	91.48	91.48	1,336,899
May 07, 2012	98.05	98.24	95.17	96.13	96.13	1,509,959
Apr 30, 2012	104.93	106.43	97.51	98.49	98.49	1,473,966
Apr 23, 2012	103.82	105.00	101.82	104.93	104.93	1,060,926
Apr 16, 2012	102.80	105.07	101.67	103.05	103.05	1,042,482
Apr 09, 2012	102.53	104.24	100.68	102.83	102.83	1,300,403
Apr 02, 2012	103.27	105.49	101.08	103.31	103.31	1,067,270
Mar 26, 2012	106.79	107.73	102.13	103.02	103.02	1,244,519
Mar 19, 2012	107.18	108.25	104.50	106.87	106.87	1,248,234
Mar 12, 2012	107.50	107.56	103.78	107.06	107.06	1,364,618
Mar 05, 2012	106.75	108.20	104.35	107.40	107.40	1,475,544
Feb 27, 2012	109.67	110.55	104.84	106.70	106.70	1,598,947
Feb 20, 2012	104.65	109.95	104.26	109.77	109.77	1,150,943
Feb 13, 2012	99.33	104.14	99.09	103.24	103.24	1,192,426
Feb 06, 2012	97.74	100.18	95.84	98.67	98.67	1,641,169
Jan 30, 2012	100.00	101.29	95.44	97.84	97.84	1,533,152
Jan 23, 2012	98.34	101.39	97.40	99.56	99.56	1,318,431
Jan 16, 2012	98.95	102.06	97.91	98.46	98.46	1,036,430
Jan 09, 2012	101.92	103.41	97.70	98.70	98.70	1,620,913
Jan 02, 2012	99.70	103.74	99.65	101.56	101.56	1,133,265
Dec 26, 2011	99.92	101.77	98.30	98.83	98.83	596,872
Dec 19, 2011	93.76	100.23	92.54	99.68	99.68	823,203
Dec 12, 2011	99.58	101.25	92.52	93.53	93.53	1,517,029
Dec 05, 2011	101.23	102.44	97.36	99.41	99.41	1,446,386
Nov 28, 2011	97.50	101.75	97.13	100.96	100.96	1,457,229
Nov 21, 2011	97.54	98.70	94.99	96.77	96.77	1,067,639
Nov 14, 2011	99.30	103.37	96.64	97.41	97.41	1,620,131
Nov 07, 2011	94.26	99.20	93.23	98.99	98.99	1,710,980
Oct 31, 2011	93.53	94.93	89.17	94.26	94.26	1,440,974
Oct 24, 2011	87.05	94.65	87.00	93.32	93.32	1,989,163
Oct 17, 2011	87.48	89.51	84.10	87.40	87.40	1,228,879
Oct 10, 2011	82.75	87.40	82.75	86.80	86.80	1,556,493
Oct 03, 2011	78.92	84.00	74.95	82.98	82.98	1,920,591
Sep 26, 2011	79.64	84.77	77.11	79.20	79.20	1,641,391
Sep 19, 2011	87.75	87.99	77.55	79.85	79.85	1,583,286
Sep 12, 2011	86.70	90.52	85.00	87.96	87.96	1,557,557
Sep 05, 2011	86.46	90.48	83.20	87.24	87.24	1,315,857
Aug 29, 2011	85.33	89.90	85.11	86.45	86.45	1,431,310
Aug 22, 2011	82.42	86.59	81.13	85.37	85.37	1,663,997
Aug 15, 2011	85.59	89.00	79.17	82.26	82.26	1,492,708
Aug 08, 2011	85.71	87.37	75.71	85.38	85.38	2,499,189
Aug 01, 2011	96.20	98.60	82.87	86.88	86.88	2,125,682
Jul 25, 2011	99.76	100.62	94.95	95.70	95.70	1,363,056
Jul 18, 2011	97.37	100.19	94.69	99.87	99.87	1,154,926
Jul 11, 2011	96.10	99.21	93.55	97.24	97.24	1,679,920
Jul 04, 2011	94.98	99.42	94.34	96.20	96.20	1,251,240
Jun 27, 2011	91.16	95.84	89.61	94.94	94.94	1,446,701
Jun 20, 2011	92.80	95.70	89.69	91.16	91.16	1,578,847
Jun 13, 2011	98.77	99.95	91.84	93.01	93.01	1,819,455
Jun 06, 2011	100.42	102.44	97.74	99.29	99.29	1,914,098
May 30, 2011	100.69	103.39	98.12	100.22	100.22	1,436,459
May 23, 2011	99.68	101.90	96.37	100.59	100.59	1,535,627
May 16, 2011	99.36	100.99	95.02	99.49	99.49	1,557,324
May 09, 2011	98.11	104.60	95.25	99.65	99.65	2,323,878
May 02, 2011	113.89	114.83	94.63	97.18	97.18	2,220,955
Apr 25, 2011	112.34	114.18	110.71	113.93	113.93	1,286,256
Apr 18, 2011	109.43	112.48	105.50	112.29	112.29	994,964
Apr 11, 2011	113.28	113.46	105.31	109.66	109.66	1,953,302
Apr 04, 2011	108.29	113.18	107.50	112.79	112.79	1,387,831
Mar 28, 2011	105.43	108.23	102.70	107.94	107.94	1,281,138
Mar 21, 2011	102.12	106.69	101.43	105.40	105.40	1,155,569
Mar 14, 2011	100.31	103.66	96.22	101.07	101.07	1,515,362
Mar 07, 2011	104.65	106.95	99.01	101.16	101.16	1,953,938
Feb 28, 2011	98.50	105.17	96.37	104.42	104.42	1,782,511
Feb 21, 2011	86.38	103.41	86.25	97.88	97.88	1,943,219
Feb 14, 2011	85.50	87.88	83.85	86.20	86.20	1,232,578
Feb 07, 2011	89.06	89.54	85.10	85.58	85.58	1,909,649
Jan 31, 2011	89.97	92.84	88.40	89.03	89.03	1,792,209
Jan 24, 2011	89.26	89.73	85.11	89.34	89.34	1,996,652
Jan 17, 2011	91.51	92.10	88.00	89.11	89.11	1,051,306
Jan 10, 2011	89.00	92.39	88.13	91.54	91.54	1,914,953
Jan 03, 2011	91.31	92.58	87.25	88.03	88.03	1,942,887
Dec 27, 2010	91.07	92.06	89.02	91.38	91.38	707,244
Dec 20, 2010	88.18	91.63	87.26	91.51	91.51	785,689
Dec 13, 2010	87.68	89.49	86.83	88.02	88.02	1,340,214
Dec 06, 2010	89.44	90.76	87.10	87.79	87.79	1,807,475
Nov 29, 2010	83.90	89.49	83.55	89.19	89.19	1,700,171
Nov 22, 2010	82.15	84.53	80.28	83.76	83.76	1,140,771
Nov 15, 2010	84.87	85.77	80.06	81.51	81.51	1,589,531
Nov 08, 2010	87.39	88.63	84.52	84.88	84.88	1,972,628
Nov 01, 2010	81.45	87.43	81.32	86.85	86.85	1,670,098
Oct 25, 2010	82.01	83.28	80.52	81.43	81.43	1,591,196
Oct 18, 2010	81.38	83.28	79.35	81.69	81.69	1,433,850
Oct 11, 2010	82.95	84.12	80.75	81.25	81.25	1,584,989
Oct 04, 2010	81.68	84.43	80.30	82.66	82.66	1,864,345
Sep 27, 2010	76.47	81.69	75.52	81.58	81.58	1,786,556
Sep 20, 2010	73.59	76.68	72.81	76.49	76.49	1,372,629
Sep 13, 2010	76.36	78.04	72.75	73.66	73.66	1,606,708
Sep 06, 2010	74.30	76.73	72.63	76.45	76.45	1,570,651
Aug 30, 2010	75.50	75.58	71.53	74.60	74.60	1,846,153
Aug 23, 2010	73.90	75.45	70.76	75.17	75.17	1,777,569
Aug 16, 2010	75.60	76.63	73.19	73.46	73.46	1,202,192
Aug 09, 2010	80.91	81.76	75.01	75.39	75.39	1,786,740
Aug 02, 2010	78.95	82.97	78.83	80.70	80.70	1,522,741
Jul 26, 2010	78.98	79.69	75.90	78.95	78.95	1,564,679
Jul 19, 2010	75.72	79.60	75.50	78.98	78.98	1,396,331
Jul 12, 2010	76.30	78.15	74.25	76.01	76.01	1,626,705
Jul 05, 2010	72.06	76.48	71.09	76.09	76.09	1,210,087
Jun 28, 2010	78.15	78.32	71.62	72.14	72.14	1,342,271


